thr,TP,FP,FN,TN,fn_cost,fp_cost,total,fraud_pct,flagged_pct,n_flagged
0.02,1525,15106,0,203,0.0,60424.0,60424.0,100.0,98.79410716407271,16631
0.04,1520,14758,5,551,534.105,59032.0,59566.105,99.672131147541,96.69716050849472,16278
0.06,1515,14474,10,835,808.758,57896.0,58704.758,99.34426229508196,94.98039681596768,15989
0.08,1510,14200,15,1109,1158.719,56800.0,57958.719,99.01639344262296,93.32303671141737,15710
0.1,1500,13653,25,1656,1617.812,54612.0,56229.812,98.36065573770492,90.01425686111442,15153
0.12,1481,12972,44,2337,2977.577,51888.0,54865.577,97.11475409836066,85.85600570274444,14453
0.14,1457,12108,68,3201,4010.739,48432.0,52442.739,95.54098360655738,80.58096709041226,13565
0.16,1426,11228,99,4081,5416.723,44912.0,50328.723,93.50819672131148,75.16930022573364,12654
0.18,1404,10333,121,4976,6398.345,41332.0,47730.345,92.06557377049181,69.72199120826897,11737
0.2,1367,8442,158,6867,7988.751,33768.0,41756.751000000004,89.63934426229508,58.26897944635856,9809
0.22,1345,7330,180,7979,9229.881,29320.0,38549.881,88.19672131147541,51.53261256979922,8675
0.24,1311,6320,214,8989,11069.624,25280.0,36349.623999999996,85.96721311475409,45.33087798503029,7631
0.26,1267,5590,258,9719,13654.089,22360.0,36014.089,83.08196721311475,40.733040275632646,6857
0.28,1243,5005,282,10304,16281.289,20020.0,36301.289000000004,81.50819672131148,37.11536176785078,6248
0.3,1221,4579,304,10730,19212.83,18316.0,37528.83,80.06557377049181,34.454081026494,5800
0.4,1121,3200,404,12109,28682.11,12800.0,41482.11,73.50819672131148,25.668290364738027,4321
0.5,1060,2625,465,12684,36266.091,10500.0,46766.091,69.50819672131148,21.890222169419033,3685
0.6,1001,2152,524,13157,42708.454,8608.0,51316.454,65.63934426229508,18.72995128905786,3153
0.7,937,1764,588,13545,47185.328,7056.0,54241.328,61.44262295081967,16.044909112510393,2701
