feature,mi_score,rank
id_02,0.2358407070496059,1
C1,0.08197167722010494,2
D1_norm,0.061723973266885945,3
C11,0.058000337915595904,4
V258,0.0553500855376813,5
TransactionAmt,0.053664374841782436,6
D12_norm,0.053523175574307746,7
C2,0.0533936551866555,8
D14_norm,0.052523003892301245,9
D6_norm,0.05200411823084594,10
D4_norm,0.05182566852615911,11
V257,0.050857279260781874,12
C6,0.050414242363643946,13
D15_norm,0.05038176393479388,14
D13_norm,0.04803550637678833,15
D10_norm,0.047686779843672866,16
V201,0.04764799565067857,17
V246,0.04593999891088883,18
D7_norm,0.04564646877705503,19
C4,0.04548176906330062,20
D5_norm,0.0453373075830279,21
V243,0.044853395199499414,22
V200,0.044752324178353356,23
C12,0.04456967005021002,24
V187,0.04449267032798274,25
V244,0.04304411134147906,26
C7,0.04246939635773767,27
V45,0.04202137057842457,28
C8,0.04198783222989496,29
V242,0.041633589990102096,30
V189,0.04104860338098672,31
C14,0.04029579514827651,32
V199,0.040275020003380096,33
V259,0.03969570307617297,34
D8_norm,0.039100583953807666,35
V44,0.03777615641786117,36
V274,0.03767325259436194,37
V188,0.0372165015398525,38
V190,0.03686356477330663,39
V275,0.035985997879489195,40
V87,0.035405749272735945,41
V232,0.03462619761243925,42
V245,0.03372662119536942,43
V186,0.03361285035816755,44
V264,0.0335442653683633,45
C10,0.03343543466480652,46
V265,0.03320698788107079,47
V273,0.033024481606772405,48
V233,0.03289530866738137,49
V212,0.03282842196417701,50
V86,0.03237962070644219,51
V219,0.032237953072654923,52
C13,0.032124765462765915,53
V218,0.03125729153327715,54
V213,0.030522266631038297,55
V263,0.03019759783870435,56
V229,0.029946570380318737,57
V231,0.02952532643482293,58
V230,0.02926058887507655,59
card1_freq,0.028255179316968304,60
V178,0.028038774571949237,61
V222,0.02777250817746518,62
V204,0.0277551166719312,63
card2_freq,0.027754209290018483,64
V217,0.027727257880299033,65
V211,0.02763873449483878,66
id_19,0.027544625585199933,67
V179,0.026122137798850018,68
DeviceInfo_freq,0.025768782393041922,69
V203,0.0254802720894316,70
V171,0.025456071558575537,71
V202,0.024923773717340003,72
V168,0.024381288126276063,73
D9_norm,0.02432656406528455,74
V228,0.02422943538593461,75
V177,0.023315501356872055,76
id_20,0.023230980360475866,77
V170,0.022874073800142437,78
V221,0.02160043546009225,79
V167,0.020827739762765602,80
V176,0.019120982492635483,81
V150,0.019082706716697897,82
R_emaildomain_freq,0.01898488628706252,83
V277,0.018618184724119802,84
V156,0.01808097173355371,85
V149,0.018068666767117714,86
V152,0.018050377783622576,87
V23,0.01780638273687479,88
V24,0.017044712689592862,89
dist2,0.01703161890327272,90
V267,0.016715986444792774,91
id_31_freq,0.01665694367922166,92
V133,0.01651574443668946,93
P_emaildomain_freq,0.016391688180857455,94
V278,0.016355118158023707,95
id_30_freq,0.015970811047795186,96
V249,0.015451566955246259,97
V52,0.015332145408677039,98
V155,0.015239983780585224,99
id_33,0.015229718349637968,100
V262,0.015220542292185425,101
V192,0.015201925249425034,102
V148,0.015169679537919348,103
V47,0.015158109150197264,104
V270,0.01506445134418044,105
V215,0.01500865566595544,106
V198,0.014984182597124961,107
V154,0.014765866652085156,108
V261,0.014750151184892573,109
V247,0.014725233042682868,110
V256,0.0147114765770394,111
V272,0.014573489945393758,112
V151,0.014511602877122515,113
V134,0.014458669617935405,114
card3,0.014411334232359359,115
V271,0.014365386540123204,116
V248,0.014325567275097317,117
V123,0.0142845911985811,118
V38,0.014283382388933986,119
V132,0.014187943873153586,120
V195,0.014001505878500811,121
V125,0.013792353745834157,122
V254,0.013597460812093195,123
V197,0.013539059335546468,124
V193,0.013536599757088258,125
V251,0.013454663593392386,126
V158,0.013445752694154023,127
addr1_freq,0.013443880768669647,128
V153,0.013435344122349492,129
id_17,0.013428624963231927,130
V268,0.01329670221032031,131
V252,0.013280253685382543,132
V127,0.01321120163034406,133
V255,0.012912191895553751,134
isnull_D5,0.012866484798854952,135
V194,0.01285669759841304,136
D3_norm,0.012801603368495895,137
V209,0.012750509159297874,138
V128,0.012718461045696516,139
V216,0.01262413902403181,140
V124,0.012500245366539223,141
V276,0.012496058141393096,142
V37,0.012494467996161709,143
id_11,0.012365759591801195,144
D2_norm,0.01233063188579453,145
V210,0.012290422360251352,146
V126,0.01221896462762051,147
V253,0.01184212791270137,148
V208,0.011647667020224572,149
V250,0.011299713560021537,150
V214,0.011274137249868366,151
V51,0.01110625116851166,152
V191,0.011015726844961247,153
V196,0.011005496538192114,154
id_01,0.010953775978757824,155
V157,0.010805125224533618,156
V46,0.010602175932042664,157
V234,0.010551061760458223,158
V260,0.010441908698612152,159
ProductCD,0.010419342710412626,160
id_35,0.010070996435186396,161
isnull_V157,0.010060560077791353,162
isnull_V156,0.010060560077791353,163
isnull_V152,0.010060560077791353,164
isnull_V151,0.010060560077791353,165
isnull_V150,0.010060560077791353,166
isnull_V149,0.010060560077791353,167
isnull_V148,0.010060560077791353,168
isnull_V155,0.010060560077791353,169
isnull_V147,0.010060560077791353,170
isnull_V144,0.010060560077791353,171
isnull_V146,0.010060560077791353,172
isnull_V145,0.010060560077791353,173
isnull_V154,0.010060560077791353,174
isnull_V143,0.010060560077791353,175
isnull_V142,0.010060560077791353,176
isnull_V141,0.010060560077791353,177
isnull_V140,0.010060560077791353,178
isnull_V139,0.010060560077791353,179
isnull_V138,0.010060560077791353,180
isnull_V153,0.010060560077791353,181
V40,0.010048552840921524,182
M4,0.009704533917580848,183
V236,0.009678645358381628,184
V207,0.009578189290169403,185
V317,0.009371774187700188,186
id_34,0.009352864343361779,187
V78,0.009216399302721905,188
V77,0.008844880696208226,189
V111,0.008758153766124412,190
V113,0.00875390377503052,191
V112,0.008733216097059945,192
V102,0.008602144403911988,193
V101,0.00852184136459036,194
V108,0.00850286478132344,195
V103,0.008457280130746954,196
V110,0.008430287612321594,197
V109,0.008305306413623306,198
V145,0.008212385547133216,199
V165,0.0081250335068348,200
id_13,0.008006567689334342,201
V79,0.007955510273960156,202
V114,0.007938500187513046,203
V116,0.007775467007629532,204
V237,0.007743649495055691,205
V239,0.0076141066819189005,206
V115,0.007601817625238596,207
V266,0.007524181465338398,208
V318,0.007432134611796037,209
V39,0.007309925105045096,210
card6_freq,0.006979479827390556,211
V160,0.006922540814252587,212
V140,0.0069041458303100225,213
card5,0.006782424992999036,214
V164,0.0066951178858019045,215
V143,0.006554257976181523,216
card4_freq,0.00647038431181346,217
V185,0.00628060597840966,218
V166,0.00627553181107654,219
V180,0.006222080987862386,220
V310,0.006216073611088557,221
V83,0.0061355664672755215,222
V238,0.00602988068393521,223
V182,0.006024185641373254,224
V315,0.005831176285508777,225
V205,0.005724641359786009,226
V235,0.005626661803226246,227
V144,0.005617151374462344,228
V139,0.005614989112189296,229
V307,0.005597109732209837,230
V308,0.005525009133812153,231
V184,0.005498109240552455,232
id_15,0.005497704280348337,233
id_16,0.005436259961290275,234
V313,0.005406595122067426,235
V316,0.005380878114091381,236
V294,0.005373450068221132,237
V93,0.0053703211020926615,238
V95,0.0053426419672266065,239
id_14,0.005312401072661773,240
V314,0.0052972598319229736,241
V159,0.005281452094000549,242
id_29,0.005273237924819884,243
V183,0.005252591208422623,244
V58,0.005148459988575756,245
V43,0.005143803131386956,246
V312,0.004950047816093095,247
id_28,0.004737974714983991,248
V97,0.004718192725893215,249
V74,0.004643852890693478,250
V147,0.004539227466437728,251
V62,0.004409948684807585,252
V81,0.00438328648378889,253
V96,0.00431042756659985,254
V181,0.004299972653457292,255
id_05,0.004048771194769881,256
V67,0.0040109292289915695,257
V72,0.003977851400392615,258
V295,0.003877794574343424,259
V206,0.003853536015526293,260
V82,0.003778325327931306,261
V306,0.0037461942462289066,262
V303,0.003657836717192696,263
V18,0.0036442067693519976,264
id_06,0.0036416010395817957,265
V17,0.003379936720048023,266
id_25,0.0032243257160301476,267
V146,0.003099540148145089,268
V92,0.0030987984347724557,269
V320,0.003092618957106996,270
id_21,0.0029543218967413125,271
V42,0.0028937173826397915,272
V291,0.002877368597565526,273
V304,0.0028548361166687024,274
V80,0.0028434263867413018,275
DeviceType,0.0028321851415481943,276
V73,0.0028173288807695905,277
V162,0.00275683386194836,278
V57,0.002712204826303769,279
V293,0.0024342482403899523,280
V135,0.00243069257719708,281
V161,0.0024262764739013676,282
id_38,0.0024061977999287987,283
V309,0.0023934561675915678,284
id_03,0.002297220116630697,285
V66,0.0022739244443550533,286
V292,0.002245893525380645,287
V94,0.0022290331790279323,288
V136,0.002221656409918671,289
V137,0.0021448974127755704,290
V61,0.0020907128370476736,291
id_09,0.0020833633332728863,292
V60,0.0020508867085642247,293
V311,0.0020441796637220566,294
V321,0.0020092141663456964,295
V71,0.0018701129241004305,296
V283,0.0018526360996675292,297
V331,0.0018229477290223617,298
V85,0.0017555823721746,299
V117,0.0017179658987499986,300
V280,0.0017156857630600372,301
V119,0.0016932512630662903,302
V339,0.0016770822293097343,303
V118,0.0016556313945536249,304
V227,0.0016156670508939623,305
V130,0.001613933903970688,306
id_36,0.0016137136820318222,307
card4,0.0016053816401725724,308
V302,0.0015884389683425261,309
V333,0.0015190305586259,310
V290,0.0014772996706735304,311
V224,0.001467937243402199,312
V335,0.0014562691876309763,313
V220,0.0014395841571921996,314
addr2,0.0014303312411220084,315
V282,0.0013182894018750502,316
V64,0.0013123573861432282,317
V16,0.0012851434161967792,318
V131,0.0012512660862782354,319
V59,0.0012189620421776512,320
V15,0.0012149097777192348,321
V34,0.001192613114953046,322
V332,0.0011905419305688891,323
id_26,0.0011807496357017417,324
C3,0.0011742851091855115,325
V33,0.0011694693372133085,326
id_08,0.0011341699909838084,327
V226,0.0011303600019691245,328
V225,0.001085897801025569,329
V169,0.0010719830775766826,330
V334,0.0010442388364884092,331
card6,0.0010241037567902834,332
V337,0.0010176370620995634,333
V56,0.0009479514725028639,334
V142,0.0009417980031906504,335
V122,0.0009416183346118069,336
V279,0.0009355190906856811,337
V120,0.0009309996233871847,338
V121,0.0009092337791721657,339
V175,0.0009031715382062856,340
id_37,0.0008990685665597356,341
V141,0.0008720710823454628,342
V163,0.00085739923435324,343
V63,0.00081671910679766,344
V55,0.0007610690607847547,345
V285,0.0007520197951483033,346
id_07,0.0007471145033395147,347
id_04,0.0007117597098614682,348
V269,0.0006983236637958523,349
V323,0.0006671505081634378,350
V336,0.0006606439915755047,351
V129,0.0006592940237248879,352
V338,0.0006190469690179334,353
V286,0.0005796169391278287,354
V138,0.0005737755189486702,355
V99,0.0005325003056927921,356
V326,0.0005242332108778093,357
V32,0.0005222898621175887,358
id_10,0.0005144537672361458,359
id_18,0.00048367287675713655,360
V296,0.00047020072753334877,361
V22,0.00045736432672352473,362
V20,0.00044240086692282283,363
V26,0.00042547026398898866,364
V298,0.00042311990943012573,365
V174,0.00041754119648697893,366
V327,0.0004124071125544802,367
V100,0.00038846574692685636,368
V84,0.00038428168586007944,369
V19,0.00036777508568121655,370
V25,0.00036461786705791117,371
id_32,0.0003316321097258704,372
V329,0.0003157733991641423,373
V172,0.0003107919152979707,374
V281,0.0002980380155553747,375
V31,0.0002814821273797259,376
V173,0.0002812295253813205,377
id_22,0.0002701549299484059,378
V289,0.00026751401380972534,379
V324,0.0002376091996121795,380
V284,0.00023554014428297718,381
V288,0.0002313934250690523,382
V89,0.000207991746115166,383
V105,0.00019742086313005692,384
V28,0.0001930187109761686,385
V27,0.0001916576751056176,386
V319,0.00016458959809750873,387
V50,0.00015846256905335386,388
V287,0.0001565886115831602,389
id_12,0.00014610441138288716,390
V223,0.00013042309793236183,391
V104,0.00012851912092728962,392
V68,0.000127717008019102,393
V330,0.0001274971944792089,394
V106,0.00012420056171918515,395
id_23,0.00010756331149129952,396
V299,0.00010439748463980204,397
V98,0.00010117848430828622,398
V41,9.32633684029192e-05,399
id_24,9.243318894596578e-05,400
V325,9.097229202488074e-05,401
V322,7.295691620037629e-05,402
V328,6.519463246916368e-05,403
V301,6.440203764162686e-05,404
V300,6.187559973058839e-05,405
V297,6.0978737359379444e-05,406
V14,5.9176339613700013e-05,407
V21,5.327847000478242e-05,408
V65,4.2686622190837254e-05,409
V240,3.944853831969625e-05,410
V88,1.4467910937017653e-05,411
id_27,1.3261896304611349e-05,412
V241,2.5630059432829165e-06,413
V36,0.0,414
V35,0.0,415
V305,0.0,416
C5,0.0,417
C9,0.0,418
V91,0.0,419
V90,0.0,420
V12,0.0,421
V76,0.0,422
V75,0.0,423
V70,0.0,424
V69,0.0,425
V13,0.0,426
V29,0.0,427
V54,0.0,428
V53,0.0,429
V30,0.0,430
V49,0.0,431
V48,0.0,432
V107,0.0,433
